<?xml version="1.0" encoding="utf-8"?>
<article xmlns="http://docbook.org/ns/docbook" xmlns:xinfo="http://ns.expertinfo.se/cms/xmlns/1.0" xmlns:xi="http://www.w3.org/2001/XInclude" xmlns:mml="http://www.w3.org/1998/Math/MathML" xmlns:xlink="http://www.w3.org/1999/xlink" xmlns:t="http://ns.expertinfo.se/translation/xmlns/1.0" xml:id="UUID-1f1609d8-2fd7-a1ba-e3fb-bdd9dd5b0471" version="5.0" xml:lang="en" xinfo:resource="UUID-1f1609d8-2fd7-a1ba-e3fb-bdd9dd5b0471" xinfo:resource-id="337" xinfo:resource-type="publication" xinfo:resource-title="apiguide" xinfo:resource-titlelabel="" xinfo:version-major="1" xinfo:version-minor="0" xinfo:time-modified="Monday, 01-Jun-2020 13:58:14 CEST" xinfo:time-created="Thursday, 28-May-2020 14:20:58 CEST">
	<info>
		<title>apiguide</title>
		<subtitle/>
		<mediaobject role="titleimage">
			<imageobject>
				<imagedata/>
			</imageobject>
		</mediaobject>
        <volumenum xinfo:translate="no"><?placeholder Publication ID?></volumenum>
        <pubdate xinfo:translate="no"><?placeholder Publication date?></pubdate>
		<copyright xinfo:translate="no">
			<year><?placeholder Year ?></year>
			<holder><?placeholder Holder?></holder>
		</copyright>
		<legalnotice xinfo:translate="no">
			<para><?placeholder Legal notice text?></para>
		</legalnotice>
        <abstract>
            <para><?placeholder Abstract text?></para>
        </abstract>
	</info>
<?link id="399" resource-uuid="UUID-b4a1d164-2801-f35d-947d-d554862ad9f5" resource-id="344" resource-type="fork" type="ResourceLink"?><section xml:id="UUID-b4a1d164-2801-f35d-947d-d554862ad9f5" version="5.0" xml:lang="en" xinfo:resource="UUID-b4a1d164-2801-f35d-947d-d554862ad9f5" xinfo:resource-id="344" xinfo:resource-type="component fork" xinfo:resource-title="code" xinfo:resource-titlelabel="" xinfo:version-major="1" xinfo:version-minor="0" xinfo:origin="UUID-ca70e4e6-207a-c31d-8484-2bc4836de3c6" xinfo:origin-id="338" xinfo:time-modified="1590998687" xinfo:time-created="1590668483" xinfo:linktype="ResourceLink"><title>code</title><para>This is a little regular HRT to go with the code example</para><programlisting xml:space="preserve" xinfo:translate="no" language="python">#!/usr/bin/python
import asyncio,os,sys,git

print("Do stuff here")
try:
    sys.exit(1)
except IOerror:
    print("Failed")</programlisting><programlisting xml:space="preserve" xinfo:translate="no" language="json">top
    { something
        { something_else; 2; }
    }
</programlisting></section><?link id="400" resource-uuid="UUID-20a5f4b5-3be0-06a0-098e-88a30097e603" resource-id="345" resource-type="fork" type="ResourceLink"?><section xml:id="UUID-20a5f4b5-3be0-06a0-098e-88a30097e603" version="5.0" xml:lang="en" xinfo:resource="UUID-20a5f4b5-3be0-06a0-098e-88a30097e603" xinfo:resource-id="345" xinfo:resource-type="component fork" xinfo:resource-title="code copy 1" xinfo:resource-titlelabel="" xinfo:version-major="1" xinfo:version-minor="0" xinfo:origin="UUID-d7a51b37-b3d9-609d-8988-4d8890a5aeb8" xinfo:origin-id="341" xinfo:time-modified="1590668912" xinfo:time-created="1590668887" xinfo:linktype="ResourceLink"><title>code2</title><para>This is a little regular HRT to go with the code example</para><programlisting xml:space="preserve" xinfo:translate="no" language="python">#!/usr/bin/python
import asyncio,os,sys,git

print("Do stuff here")
try:
    sys.exit(1)
except IOerror:
    print("Failed")</programlisting><programlisting xml:space="preserve" xinfo:translate="no" language="json">top
    { something
        { something_else; 2; }
    }
</programlisting></section><?link id="1564" resource-uuid="UUID-1965e4f8-aa12-f595-c7f4-c2a27e505d5c" resource-id="1197" resource-type="fork" type="ResourceLink"?><section xml:id="UUID-1965e4f8-aa12-f595-c7f4-c2a27e505d5c" version="5.0" xml:lang="en" xinfo:resource="UUID-1965e4f8-aa12-f595-c7f4-c2a27e505d5c" xinfo:resource-id="1197" xinfo:resource-type="component fork" xinfo:resource-title="code copy 2" xinfo:resource-titlelabel="" xinfo:version-major="1" xinfo:version-minor="0" xinfo:origin="UUID-3fdbd56d-2f14-97dd-a1f6-d85fb98c2025" xinfo:origin-id="1194" xinfo:time-modified="1591005077" xinfo:time-created="1590998813" xinfo:linktype="ResourceLink"><title>code3</title><para>This is a little regular HRT to go with the code example</para><programlisting xml:space="preserve" xinfo:translate="no" language="python">#!/usr/bin/python
import asyncio,os,sys,git

print("Do stuff here")
try:
    sys.exit(1)
except IOerror:
    print("Failed")</programlisting><programlisting xml:space="preserve" xinfo:translate="no" language="json">top
    { something
        { something_else; 2; }
    }
</programlisting><example xml:id="UUID-1965e4f8-aa12-f595-c7f4-c2a27e505d5c_example-idm231820082814997"><title>Example: Procedure X</title><para>This is an example of executing procedure X</para><example xml:id="UUID-1965e4f8-aa12-f595-c7f4-c2a27e505d5c_example-idm231820087204283"><title>Request</title><programlisting xml:space="preserve" xinfo:translate="no" language="json">This {
    is how;
    we do it;
    }
in json;</programlisting></example><example xml:id="UUID-1965e4f8-aa12-f595-c7f4-c2a27e505d5c_example-idm231820088790908"><title>python</title><programlisting xml:space="preserve" xinfo:translate="no" language="python">#!/bin/python
import this
print("is how we do it")
try:
    print("in python3")
except VersionError:
    print("Oh dear")</programlisting></example><programlisting xml:space="preserve" xinfo:translate="no"><?placeholder Insert code snippet?></programlisting></example></section><?link id="1578" resource-uuid="UUID-16322525-6a15-f89d-503c-347590ebd4f0" resource-id="1209" resource-type="fork" type="ResourceLink"?><section xml:id="UUID-16322525-6a15-f89d-503c-347590ebd4f0" version="5.0" xml:lang="en" xinfo:resource="UUID-16322525-6a15-f89d-503c-347590ebd4f0" xinfo:resource-id="1209" xinfo:resource-type="component fork" xinfo:resource-title="code copy 3" xinfo:resource-titlelabel="" xinfo:version-major="1" xinfo:version-minor="0" xinfo:origin="UUID-034fdcf2-d5a3-2d99-e5ba-229cd1c13f57" xinfo:origin-id="1202" xinfo:time-modified="1591012674" xinfo:time-created="1591012589" xinfo:linktype="ResourceLink"><title>code</title><para>This is a little regular procedure.</para><procedure xml:id="UUID-16322525-6a15-f89d-503c-347590ebd4f0_procedure-idm231820252370967"><step><para>Do this</para><mediaobject><imageobject><imagedata fileref="image/uuid-0387905f-414a-8ad6-6894-d0bc72bd08a4-en.jpg" xinfo:image="49" xinfo:image-title="mars.jpg" xinfo:image-description="" xinfo:image-filename="mars.jpg"/></imageobject></mediaobject></step><step><para>Then this</para></step><step><para>And then this</para><warning><para>Don't forget.</para></warning></step></procedure></section></article>
