<?xml version="1.0" encoding="UTF-8"?>
<t:translations data-language="en" xmlns="http://docbook.org/ns/docbook" xmlns:xinfo="http://ns.expertinfo.se/cms/xmlns/1.0" xmlns:xi="http://www.w3.org/2001/XInclude" xmlns:mml="http://www.w3.org/1998/Math/MathML" xmlns:xlink="http://www.w3.org/1999/xlink" xmlns:t="http://ns.expertinfo.se/translation/xmlns/1.0"><t:text data-uuid="UUID-09435122-2caf-5fef-1dfb-5f0b8f0986db" data-linkcount="1" data-progress="0" data-locked="0" data-mtime="1590668878" data-autotranslation="false" data-id="339" xml:id="en.339" xml:lang="en">code</t:text>
<t:text data-uuid="UUID-ac85a9a4-3e9f-6149-5632-447e54ae67bb" data-linkcount="1" data-progress="0" data-locked="0" data-mtime="1590668878" data-autotranslation="false" data-id="340" xml:id="en.340" xml:lang="en">This is a little regular HRT to go with the code example</t:text>
<t:text data-uuid="UUID-90fac5d9-a137-ae31-bd96-5e524c462ec4" data-linkcount="1" data-progress="0" data-locked="0" data-mtime="1590668910" data-autotranslation="false" data-id="342" xml:id="en.342" xml:lang="en">code2</t:text>
<t:text data-uuid="UUID-a19b9453-c8a0-5c92-0fc4-20d22a27e26b" data-linkcount="1" data-progress="0" data-locked="0" data-mtime="1590668878" data-autotranslation="false" data-id="343" xml:id="en.343" xml:lang="en">This is a little regular HRT to go with the code example</t:text>
<t:text data-uuid="UUID-e1371f54-4b9f-bdae-616a-347fe2f17c32" data-linkcount="1" data-progress="0" data-locked="0" data-mtime="1590998833" data-autotranslation="false" data-id="1195" xml:id="en.1195" xml:lang="en">code3</t:text>
<t:text data-uuid="UUID-517446bc-6962-1ced-56af-597b98e297dd" data-linkcount="1" data-progress="0" data-locked="0" data-mtime="1590668878" data-autotranslation="false" data-id="1196" xml:id="en.1196" xml:lang="en">This is a little regular HRT to go with the code example</t:text>
<t:text data-uuid="UUID-012ccc93-8bb5-fe47-a9e3-2a32b3ebcfb0" data-linkcount="1" data-progress="0" data-locked="0" data-mtime="1591004633" data-autotranslation="false" data-id="1198" xml:id="en.1198" xml:lang="en">Example: Procedure X</t:text>
<t:text data-uuid="UUID-9cecaeae-2a5a-fe87-7bd6-8998bd50cec0" data-linkcount="1" data-progress="0" data-locked="0" data-mtime="1591004633" data-autotranslation="false" data-id="1199" xml:id="en.1199" xml:lang="en">This is an example of executing procedure X</t:text>
<t:text data-uuid="UUID-47215c70-1430-9447-4b71-b7e94085c0d7" data-linkcount="1" data-progress="0" data-locked="0" data-mtime="1591004633" data-autotranslation="false" data-id="1200" xml:id="en.1200" xml:lang="en">Request</t:text>
<t:text data-uuid="UUID-d21ed0ef-5f16-0964-2db9-6010bfc1de88" data-linkcount="1" data-progress="0" data-locked="0" data-mtime="1591004634" data-autotranslation="false" data-id="1201" xml:id="en.1201" xml:lang="en">python</t:text>
<t:text data-uuid="UUID-40a64760-9cec-ef39-4b9d-a6e257a29cd6" data-linkcount="1" data-progress="0" data-locked="0" data-mtime="1590668878" data-autotranslation="false" data-id="1203" xml:id="en.1203" xml:lang="en">code</t:text>
<t:text data-uuid="UUID-61b50982-c19f-218b-5f02-65059540b282" data-linkcount="1" data-progress="0" data-locked="0" data-mtime="1591012672" data-autotranslation="false" data-id="1204" xml:id="en.1204" xml:lang="en">This is a little regular procedure.</t:text>
<t:text data-uuid="UUID-222ae0b9-e35e-8981-febe-618aac0319e5" data-linkcount="1" data-progress="0" data-locked="0" data-mtime="1591012674" data-autotranslation="false" data-id="1205" xml:id="en.1205" xml:lang="en">Do this</t:text>
<t:text data-uuid="UUID-1be6b4d0-e258-8b74-408c-704584dcbe07" data-linkcount="1" data-progress="0" data-locked="0" data-mtime="1591012674" data-autotranslation="false" data-id="1206" xml:id="en.1206" xml:lang="en">Then this</t:text>
<t:text data-uuid="UUID-922acf50-09b3-8ffc-613f-7aab5ac7117e" data-linkcount="1" data-progress="0" data-locked="0" data-mtime="1591012674" data-autotranslation="false" data-id="1207" xml:id="en.1207" xml:lang="en">And then this</t:text>
<t:text data-uuid="UUID-49b001b4-2f44-a930-ac3a-747283c6c84d" data-linkcount="1" data-progress="0" data-locked="0" data-mtime="1591012674" data-autotranslation="false" data-id="1208" xml:id="en.1208" xml:lang="en">Don't forget.</t:text>
</t:translations>